owner,cleared,median_days,mean_days,p90_days,worst_days,breaches,exposure,breach_rate,tail_ratio,still_open
X. Ferreira,22,16.5,18.5,36.4,59.0,13,79755.16,0.5909,1.12,2
U. Brennan,26,13.5,17.6,40.5,61.0,14,104177.96,0.5385,1.3,1
T. Nakamura,21,10.0,14.7,40.0,54.0,10,110335.61,0.4762,1.47,1
V. Adeyemi,26,8.0,8.3,16.0,24.0,9,93247.51,0.3462,1.04,1
Z. Osei,26,8.0,11.1,22.0,50.0,12,100506.53,0.4615,1.39,0
Y. Volkov,25,7.0,10.5,21.6,40.0,9,65308.16,0.36,1.5,1
R. Almeida,26,6.0,8.7,24.0,29.0,8,72018.56,0.3077,1.45,3
W. Lindgren,25,6.0,11.9,30.2,49.0,9,112132.47,0.36,1.98,1
S. Kowalski,22,2.0,4.1,9.9,23.0,2,65456.26,0.0909,2.05,1
